{
    "mild": {
        "base_rtp": 0.98332,
        "effective_rtp": 1.032486,
        "prob_less_bet": 0.6952,
        "hr_max": 50000.0,
        "std": 4.778912196054662,
        "var": 22.8380017776,
        "m2m": 1.96664,
        "min_win": 0.5,
        "max_win": 666
    },
    "sinful": {
        "base_rtp": 0.990736,
        "effective_rtp": 1.06999488,
        "prob_less_bet": 0.84708,
        "hr_max": 50000.0,
        "std": 10.796195875321269,
        "var": 116.557845378304,
        "m2m": 4.953679999999999,
        "min_win": 0.2,
        "max_win": 1666
    },
    "demonic": {
        "base_rtp": 0.96432,
        "effective_rtp": 1.0800384,
        "prob_less_bet": 0.93094,
        "hr_max": 50000.0,
        "std": 76.25165707666686,
        "var": 5814.3152069376,
        "m2m": 0,
        "min_win": 0,
        "max_win": 16666
    }
}